INSERT INTO TRUMP (number, mark) VALUES (1, '♠');
INSERT INTO TRUMP (number, mark) VALUES (2, '♠');
INSERT INTO TRUMP (number, mark) VALUES (3, '♠');
INSERT INTO TRUMP (number, mark) VALUES (4, '♠');
INSERT INTO TRUMP (number, mark) VALUES (5, '♠');
INSERT INTO TRUMP (number, mark) VALUES (6, '♠');
INSERT INTO TRUMP (number, mark) VALUES (7, '♠');
INSERT INTO TRUMP (number, mark) VALUES (8, '♠');
INSERT INTO TRUMP (number, mark) VALUES (9, '♠');
INSERT INTO TRUMP (number, mark) VALUES (10, '♠');
INSERT INTO TRUMP (number, mark) VALUES (11, '♠');
INSERT INTO TRUMP (number, mark) VALUES (12, '♠');
INSERT INTO TRUMP (number, mark) VALUES (13, '♠');
INSERT INTO TRUMP (number, mark) VALUES (1, '♣');
INSERT INTO TRUMP (number, mark) VALUES (2, '♣');
INSERT INTO TRUMP (number, mark) VALUES (3, '♣');
INSERT INTO TRUMP (number, mark) VALUES (4, '♣');
INSERT INTO TRUMP (number, mark) VALUES (5, '♣');
INSERT INTO TRUMP (number, mark) VALUES (6, '♣');
INSERT INTO TRUMP (number, mark) VALUES (7, '♣');
INSERT INTO TRUMP (number, mark) VALUES (8, '♣');
INSERT INTO TRUMP (number, mark) VALUES (9, '♣');
INSERT INTO TRUMP (number, mark) VALUES (10, '♣');
INSERT INTO TRUMP (number, mark) VALUES (11, '♣');
INSERT INTO TRUMP (number, mark) VALUES (12, '♣');
INSERT INTO TRUMP (number, mark) VALUES (13, '♣');
INSERT INTO TRUMP (number, mark) VALUES (1, '♥');
INSERT INTO TRUMP (number, mark) VALUES (2, '♥');
INSERT INTO TRUMP (number, mark) VALUES (3, '♥');
INSERT INTO TRUMP (number, mark) VALUES (4, '♥');
INSERT INTO TRUMP (number, mark) VALUES (5, '♥');
INSERT INTO TRUMP (number, mark) VALUES (6, '♥');
INSERT INTO TRUMP (number, mark) VALUES (7, '♥');
INSERT INTO TRUMP (number, mark) VALUES (8, '♥');
INSERT INTO TRUMP (number, mark) VALUES (9, '♥');
INSERT INTO TRUMP (number, mark) VALUES (10, '♥');
INSERT INTO TRUMP (number, mark) VALUES (11, '♥');
INSERT INTO TRUMP (number, mark) VALUES (12, '♥');
INSERT INTO TRUMP (number, mark) VALUES (13, '♥');
INSERT INTO TRUMP (number, mark) VALUES (1, '♦');
INSERT INTO TRUMP (number, mark) VALUES (2, '♦');
INSERT INTO TRUMP (number, mark) VALUES (3, '♦');
INSERT INTO TRUMP (number, mark) VALUES (4, '♦');
INSERT INTO TRUMP (number, mark) VALUES (5, '♦');
INSERT INTO TRUMP (number, mark) VALUES (6, '♦');
INSERT INTO TRUMP (number, mark) VALUES (7, '♦');
INSERT INTO TRUMP (number, mark) VALUES (8, '♦');
INSERT INTO TRUMP (number, mark) VALUES (9, '♦');
INSERT INTO TRUMP (number, mark) VALUES (10, '♦');
INSERT INTO TRUMP (number, mark) VALUES (11, '♦');
INSERT INTO TRUMP (number, mark) VALUES (12, '♦');
INSERT INTO TRUMP (number, mark) VALUES (13, '♦');
INSERT INTO THE_GAME (number) VALUES (2);
INSERT INTO THE_GAME (number) VALUES (3);
INSERT INTO THE_GAME (number) VALUES (4);
INSERT INTO THE_GAME (number) VALUES (5);
INSERT INTO THE_GAME (number) VALUES (6);
INSERT INTO THE_GAME (number) VALUES (7);
INSERT INTO THE_GAME (number) VALUES (8);
INSERT INTO THE_GAME (number) VALUES (9);
INSERT INTO THE_GAME (number) VALUES (10);
INSERT INTO THE_GAME (number) VALUES (11);
INSERT INTO THE_GAME (number) VALUES (12);
INSERT INTO THE_GAME (number) VALUES (13);
INSERT INTO THE_GAME (number) VALUES (14);
INSERT INTO THE_GAME (number) VALUES (15);
INSERT INTO THE_GAME (number) VALUES (16);
INSERT INTO THE_GAME (number) VALUES (17);
INSERT INTO THE_GAME (number) VALUES (18);
INSERT INTO THE_GAME (number) VALUES (19);
INSERT INTO THE_GAME (number) VALUES (20);
INSERT INTO THE_GAME (number) VALUES (21);
INSERT INTO THE_GAME (number) VALUES (22);
INSERT INTO THE_GAME (number) VALUES (23);
INSERT INTO THE_GAME (number) VALUES (24);
INSERT INTO THE_GAME (number) VALUES (25);
INSERT INTO THE_GAME (number) VALUES (26);
INSERT INTO THE_GAME (number) VALUES (27);
INSERT INTO THE_GAME (number) VALUES (28);
INSERT INTO THE_GAME (number) VALUES (29);
INSERT INTO THE_GAME (number) VALUES (30);
INSERT INTO THE_GAME (number) VALUES (31);
INSERT INTO THE_GAME (number) VALUES (32);
INSERT INTO THE_GAME (number) VALUES (33);
INSERT INTO THE_GAME (number) VALUES (34);
INSERT INTO THE_GAME (number) VALUES (35);
INSERT INTO THE_GAME (number) VALUES (36);
INSERT INTO THE_GAME (number) VALUES (37);
INSERT INTO THE_GAME (number) VALUES (38);
INSERT INTO THE_GAME (number) VALUES (39);
INSERT INTO THE_GAME (number) VALUES (40);
INSERT INTO THE_GAME (number) VALUES (41);
INSERT INTO THE_GAME (number) VALUES (42);
INSERT INTO THE_GAME (number) VALUES (43);
INSERT INTO THE_GAME (number) VALUES (44);
INSERT INTO THE_GAME (number) VALUES (45);
INSERT INTO THE_GAME (number) VALUES (46);
INSERT INTO THE_GAME (number) VALUES (47);
INSERT INTO THE_GAME (number) VALUES (48);
INSERT INTO THE_GAME (number) VALUES (49);
INSERT INTO THE_GAME (number) VALUES (50);
INSERT INTO THE_GAME (number) VALUES (51);
INSERT INTO THE_GAME (number) VALUES (52);
INSERT INTO THE_GAME (number) VALUES (53);
INSERT INTO THE_GAME (number) VALUES (54);
INSERT INTO THE_GAME (number) VALUES (55);
INSERT INTO THE_GAME (number) VALUES (56);
INSERT INTO THE_GAME (number) VALUES (57);
INSERT INTO THE_GAME (number) VALUES (58);
INSERT INTO THE_GAME (number) VALUES (59);
INSERT INTO THE_GAME (number) VALUES (60);
INSERT INTO THE_GAME (number) VALUES (61);
INSERT INTO THE_GAME (number) VALUES (62);
INSERT INTO THE_GAME (number) VALUES (63);
INSERT INTO THE_GAME (number) VALUES (64);
INSERT INTO THE_GAME (number) VALUES (65);
INSERT INTO THE_GAME (number) VALUES (66);
INSERT INTO THE_GAME (number) VALUES (67);
INSERT INTO THE_GAME (number) VALUES (68);
INSERT INTO THE_GAME (number) VALUES (69);
INSERT INTO THE_GAME (number) VALUES (70);
INSERT INTO THE_GAME (number) VALUES (71);
INSERT INTO THE_GAME (number) VALUES (72);
INSERT INTO THE_GAME (number) VALUES (73);
INSERT INTO THE_GAME (number) VALUES (74);
INSERT INTO THE_GAME (number) VALUES (75);
INSERT INTO THE_GAME (number) VALUES (76);
INSERT INTO THE_GAME (number) VALUES (77);
INSERT INTO THE_GAME (number) VALUES (78);
INSERT INTO THE_GAME (number) VALUES (79);
INSERT INTO THE_GAME (number) VALUES (80);
INSERT INTO THE_GAME (number) VALUES (81);
INSERT INTO THE_GAME (number) VALUES (82);
INSERT INTO THE_GAME (number) VALUES (83);
INSERT INTO THE_GAME (number) VALUES (84);
INSERT INTO THE_GAME (number) VALUES (85);
INSERT INTO THE_GAME (number) VALUES (86);
INSERT INTO THE_GAME (number) VALUES (87);
INSERT INTO THE_GAME (number) VALUES (88);
INSERT INTO THE_GAME (number) VALUES (89);
INSERT INTO THE_GAME (number) VALUES (90);
INSERT INTO THE_GAME (number) VALUES (91);
INSERT INTO THE_GAME (number) VALUES (92);
INSERT INTO THE_GAME (number) VALUES (93);
INSERT INTO THE_GAME (number) VALUES (94);
INSERT INTO THE_GAME (number) VALUES (95);
INSERT INTO THE_GAME (number) VALUES (96);
INSERT INTO THE_GAME (number) VALUES (97);
INSERT INTO THE_GAME (number) VALUES (98);
INSERT INTO THE_GAME (number) VALUES (99);
INSERT INTO CHAMBER (name,win) VALUES ('user1',0);
INSERT INTO CHAMBER (name,win) VALUES ('user2',0);
INSERT INTO CHAMBER (name,win) VALUES ('user3',0);
INSERT INTO CHAMBER (name,win) VALUES ('user4',0);
INSERT INTO CHAMBER (name,win) VALUES ('user5',0);
